{
  "name": "Eidolon",
  "type": "class",
  "_id": "BUNOBh3pmiEzrpm9",
  "img": "icons/creatures/magical/spirit-undead-ghost-blue.webp",
  "system": {
    "description": {
      "value": "<p>An eidolon’s abilities are determined by the summoner’s level and by the choices made using its evolution pool. Each eidolon possesses a base form that modifies its base statistics.</p><p></p><p></p>",
      "chat": ""
    },
    "source": {},
    "startingEquipment": [],
    "identifier": "item",
    "levels": 1,
    "hitDice": "d10",
    "hitDiceUsed": 0,
    "advancement": [
      {
        "_id": "MQKWnqr8EPgVJo3V",
        "type": "HitPoints",
        "configuration": {},
        "value": {},
        "title": "",
        "icon": null,
        "classRestriction": "primary"
      },
      {
        "_id": "Caz1xPpWdUHmKMME",
        "type": "ScaleValue",
        "configuration": {
          "identifier": "",
          "type": "number",
          "distance": {
            "units": ""
          },
          "scale": {
            "1": {
              "value": 3
            },
            "2": {
              "value": 4
            },
            "3": {
              "value": 5
            },
            "4": {
              "value": 7
            },
            "5": {
              "value": 8
            },
            "6": {
              "value": 9
            },
            "7": {
              "value": 10
            },
            "8": {
              "value": 11
            },
            "9": {
              "value": 13
            },
            "10": {
              "value": 14
            },
            "11": {
              "value": 15
            },
            "12": {
              "value": 16
            },
            "13": {
              "value": 17
            },
            "14": {
              "value": 19
            },
            "15": {
              "value": 20
            },
            "16": {
              "value": 21
            },
            "17": {
              "value": 22
            },
            "18": {
              "value": 23
            },
            "19": {
              "value": 25
            },
            "20": {
              "value": 26
            }
          }
        },
        "value": {},
        "title": "Evolution Pool",
        "icon": null,
        "classRestriction": "primary"
      },
      {
        "_id": "J2Zyxh65vm988A4V",
        "type": "ItemGrant",
        "configuration": {
          "items": [
            {
              "uuid": "Compendium.summoner-class-for-5e.summoner-class-items.Item.txLYLJKZQKYF42CX"
            }
          ],
          "optional": false,
          "spell": null
        },
        "value": {},
        "level": 1
      },
      {
        "_id": "hXWHcNFqfs2qpsBp",
        "type": "Trait",
        "configuration": {
          "mode": "default",
          "allowReplacements": false,
          "grants": [
            "saves:str",
            "saves:con"
          ],
          "choices": [
            {
              "count": 2,
              "pool": [
                "skills:acr",
                "skills:ath",
                "skills:itm",
                "skills:prc",
                "skills:ste",
                "skills:sur"
              ]
            }
          ],
          "hint": ""
        },
        "value": {
          "chosen": []
        },
        "level": 1,
        "title": "Eidolon Traits",
        "icon": null
      }
    ],
    "spellcasting": {
      "progression": "none",
      "ability": ""
    },
    "wealth": ""
  },
  "effects": [],
  "folder": null,
  "sort": 0,
  "ownership": {
    "default": 0,
    "rBA71lvKhtAgMqC9": 3
  },
  "flags": {},
  "_stats": {
    "systemId": "dnd5e",
    "systemVersion": "3.1.1",
    "coreVersion": "11.315",
    "createdTime": 1711384976749,
    "modifiedTime": 1712075150998,
    "lastModifiedBy": "rBA71lvKhtAgMqC9"
  },
  "_key": "!items!BUNOBh3pmiEzrpm9"
}
